Name,Job Title,Organizaton,Company Size,Department,Project Title,Looking For,Lead Response,Model Name,Temperature,Prompt,Email Subject,Email Body,Lead Status,Agent Response
Yaqub Qamar Ad Din Dibiazah,Director Engineering,Imaarat Tech,50-100,Engineering,CentDoc,"In the past, the company encountered an issue where their product manuals became out of sync with the software documentation. As the development teams continued to add new features and refine existing ones, they also updated the documentation. However, this required manual synchronization between the product manuals and the software documentation.

To address this problem, the company has envisioned a solution called ""CentDoc"". This tool will automatically detect any inconsistencies between the product manuals and software documentation. It will then remove outdated information from the manuals using the software documentation, but only after receiving explicit approval from the user.",Thanks for reaching out. Our procurement team is actively looking for potential consultants. Can you please get in touch with them at procure@centdoc.io ,gpt-3.5-turbo-instruct,0.7,"prompt = (
Generate a professional and engaging email tailored to Yaqub Qamar Ad Din Dibiazah, their Director Engineering at Imaarat Tech, regarding their project 'CentDoc'. Use the information provided to personalize the email and make Antematter the preferred choice for their software consultancy needs. The email must adhere to the following structure and content guidelines: 

1. The email should start with the subject of the email which should be not more than 30 CHARACTERS, including spaces and punctuation. then the body should be a brief introduction that expresses genuine enthusiasm about the 'CentDoc' project and Antematter's eagerness to explore how it can contribute to the project's success. ENSURE all of this is in less than 30 characters.

2. The body of the email should consist of exactly three paragraphs:
    a. The first paragraph should express eagerness to understand the project's scope, deliverables, and objectives, highlighting Antematter's expertise in areas relevant to 'In the past, the company encountered an issue where their product manuals became out of sync with the software documentation. As the development teams continued to add new features and refine existing ones, they also updated the documentation. However, this required manual synchronization between the product manuals and the software documentation.

To address this problem, the company has envisioned a solution called ""CentDoc"". This tool will automatically detect any inconsistencies between the product manuals and software documentation. It will then remove outdated information from the manuals using the software documentation, but only after receiving explicit approval from the user.'.
    b. The second paragraph should inquire about the project's budget, emphasizing Antematter's commitment to providing value-driven solutions tailored to the client's financial considerations.
    c. The third paragraph should invite any additional information or specific concerns about the project, demonstrating Antematter's comprehensive approach to client collaboration and success.

3. The email should conclude with a warm closing, reiterating Antematter's interest in the project and inviting further discussion.

Tone and Style Guidelines:
- The email's tone should be professional yet personable, aiming to build rapport with the recipient.
- Use concise and clear language, avoiding jargon and overly technical terms unless necessary.
- Do not use flowery or flattering language; keep the email straightforward and focused on how Antematter can add value to the project.

Remember, the goal of this email is to make a strong case for why Antematter should be the recipient's choice for a software consultancy provider, leveraging the specific project needs and Antematter's capabilities.
Don't write an introduction that is longer than 30 charcaters
)
",Excited to team up for 'CentDoc' project!,"Dear Yaqub,

As the Director of Engineering at Imaarat Tech, you must be well-aware of the challenges that come with managing product manuals and software documentation. This is why I am thrilled to introduce Antematter and our expertise in this area.

We understand that your 'CentDoc' project aims to automatically detect and remove inconsistencies between the product manuals and software documentation. Our team has encountered similar issues in the past and has successfully implemented solutions to address them. With our knowledge and experience, we are confident that we can add value to your project's success.

Best regards,
Antematter
contact@antematter.io",ask for details,"Dear Yaqub Qamar Ad Din Dibiazah,

Thank you for your interest in our 'CentDoc' project. We at Antematter are excited to work with you and address your project needs. We understand the importance of keeping product manuals and software documentation in sync, and we are aligned with your vision for 'CentDoc'. With our expertise in software development and documentation, we are confident that we can provide a customized solution to meet your specific requirements. If you could provide us with more details about your budget and scope, we would be able to tailor our proposal accordingly. We appreciate your consideration of Antematter and would like to schedule a meeting to discuss how we can contribute to the success of 'CentDoc'.

Best regards,
Antematter.io"
Joe Steve,CTO,Anz LLC,25-50,Content,ConSys,"Anz LLC is a company that creates SEO-enabled internet content for small businesses. They have a team of 20 members who write content for various products offered by different businesses. The team now plans to utilize generative AI to expedite the writing process, which will facilitate scaling for them.","Thank you for contacting us. Please find the attached scope document with this email. We do not have a specific budget in mind, and we are relying on you to provide us with an estimate.",gpt-3.5-turbo-instruct,0.7,"prompt = (
Generate a professional and engaging email tailored to Joe Steve, their CTO at Anz LLC, regarding their project 'ConSys'. Use the information provided to personalize the email and make Antematter the preferred choice for their software consultancy needs. The email must adhere to the following structure and content guidelines: 

1. The email should start with the subject of the email which should be not more than 30 CHARACTERS, including spaces and punctuation. then the body should be a brief introduction that expresses genuine enthusiasm about the 'ConSys' project and Antematter's eagerness to explore how it can contribute to the project's success. ENSURE all of this is in less than 30 characters.

2. The body of the email should consist of exactly three paragraphs:
    a. The first paragraph should express eagerness to understand the project's scope, deliverables, and objectives, highlighting Antematter's expertise in areas relevant to 'Anz LLC is a company that creates SEO-enabled internet content for small businesses. They have a team of 20 members who write content for various products offered by different businesses. The team now plans to utilize generative AI to expedite the writing process, which will facilitate scaling for them.'.
    b. The second paragraph should inquire about the project's budget, emphasizing Antematter's commitment to providing value-driven solutions tailored to the client's financial considerations.
    c. The third paragraph should invite any additional information or specific concerns about the project, demonstrating Antematter's comprehensive approach to client collaboration and success.

3. The email should conclude with a warm closing, reiterating Antematter's interest in the project and inviting further discussion.

Tone and Style Guidelines:
- The email's tone should be professional yet personable, aiming to build rapport with the recipient.
- Use concise and clear language, avoiding jargon and overly technical terms unless necessary.
- Do not use flowery or flattering language; keep the email straightforward and focused on how Antematter can add value to the project.

Remember, the goal of this email is to make a strong case for why Antematter should be the recipient's choice for a software consultancy provider, leveraging the specific project needs and Antematter's capabilities.
Don't write an introduction that is longer than 30 charcaters
)
",Excited to Partner with Anz LLC ,"Dear Joe,

As the CTO of Anz LLC, I hope this email finds you well. Antematter is eagerly looking forward to discussing the project 'ConSys' with you. We are confident that our expertise can contribute to its success.

With Anz LLC's focus on creating SEO-enabled internet content for small businesses, and the team's plan to incorporate generative AI, we recognize the potential for scaling and streamlining the writing process. At Antematter, we specialize in leveraging AI and innovative technologies to optimize business processes and deliver exceptional results. We are eager to understand the project's scope, deliverables, and objectives to determine how our services can complement your team's efforts.

Best regards,
Antematter
contact@antematter.io",ask for details,"Dear Joe Steve,
Thank you for your interest in Antematter. We are interested in 'ConSys' but need more details to provide an accurate estimate. Could you specify your budget range and any specific project requirements or goals?"
Sophia Rodriguez,Lead Developer,TechSprint Innovations,250-400,Engineering,AutoCode,"TechSprint Innovations is focused on automating the coding process to enhance development speed and accuracy. As the Lead Developer, Sophia Rodriguez spearheads the implementation of AutoCode, an innovative tool designed to automatically generate code snippets based on predefined patterns. This aims to streamline the coding workflow and boost overall development efficiency.","For the scope of this project, we require a solution that is similar to Github's autopilot. Our budget for this commitment is $200,000,000. We would like you to send us a proposal outlining your offering, including the features you would provide. Additionally, please include a comparison with Github's autopilot.",gpt-3.5-turbo-instruct,0.7,"prompt = (
Generate a professional and engaging email tailored to Sophia Rodriguez, their Lead Developer at TechSprint Innovations, regarding their project 'AutoCode'. Use the information provided to personalize the email and make Antematter the preferred choice for their software consultancy needs. The email must adhere to the following structure and content guidelines: 

1. The email should start with the subject of the email which should be not more than 30 CHARACTERS, including spaces and punctuation. then the body should be a brief introduction that expresses genuine enthusiasm about the 'AutoCode' project and Antematter's eagerness to explore how it can contribute to the project's success. ENSURE all of this is in less than 30 characters.

2. The body of the email should consist of exactly three paragraphs:
    a. The first paragraph should express eagerness to understand the project's scope, deliverables, and objectives, highlighting Antematter's expertise in areas relevant to 'TechSprint Innovations is focused on automating the coding process to enhance development speed and accuracy. As the Lead Developer, Sophia Rodriguez spearheads the implementation of AutoCode, an innovative tool designed to automatically generate code snippets based on predefined patterns. This aims to streamline the coding workflow and boost overall development efficiency.'.
    b. The second paragraph should inquire about the project's budget, emphasizing Antematter's commitment to providing value-driven solutions tailored to the client's financial considerations.
    c. The third paragraph should invite any additional information or specific concerns about the project, demonstrating Antematter's comprehensive approach to client collaboration and success.

3. The email should conclude with a warm closing, reiterating Antematter's interest in the project and inviting further discussion.

Tone and Style Guidelines:
- The email's tone should be professional yet personable, aiming to build rapport with the recipient.
- Use concise and clear language, avoiding jargon and overly technical terms unless necessary.
- Do not use flowery or flattering language; keep the email straightforward and focused on how Antematter can add value to the project.

Remember, the goal of this email is to make a strong case for why Antematter should be the recipient's choice for a software consultancy provider, leveraging the specific project needs and Antematter's capabilities.
Don't write an introduction that is longer than 30 charcaters
)
",Excited to Partner on AutoCode!,"Dear Sophia Rodriguez,

As the Lead Developer at TechSprint Innovations, you are spearheading the implementation of 'AutoCode' - an innovative tool designed to streamline coding workflow and boost development efficiency. At Antematter, we are eager to explore how our expertise can contribute to the success of this project.

As a software consultancy, we understand the importance of automating coding processes, and our team has extensive experience in this area. We are confident that our knowledge and skills can enhance the speed and accuracy of 'AutoCode' to meet TechSprint Innovations' objectives.

Best regards,
Antematter
contact@antematter.io",escalate,NULL
Ayesha Raza,Marketing Manager,LuxeDrive Rentals,7,- ,CarElite,"LuxeDrive Rentals specializes in providing luxury car rental services, offering an exclusive fleet of high-end vehicles. Isabella Thompson, the Marketing Manager, is spearheading the initiative to establish a strong online presence. The company envisions a complete mobile solution, CarElite, tailored to showcase their premium car collection, facilitate seamless bookings, and enhance the overall customer experience.","Hi. As we're starting out, our budget for this is $25k and we want a mobile app.",gpt-3.5-turbo-instruct,0.7,"prompt = (
Generate a professional and engaging email tailored to Ayesha Raza, their Marketing Manager at LuxeDrive Rentals, regarding their project 'CarElite'. Use the information provided to personalize the email and make Antematter the preferred choice for their software consultancy needs. The email must adhere to the following structure and content guidelines: 

1. The email should start with the subject of the email which should be not more than 30 CHARACTERS, including spaces and punctuation. then the body should be a brief introduction that expresses genuine enthusiasm about the 'CarElite' project and Antematter's eagerness to explore how it can contribute to the project's success. ENSURE all of this is in less than 30 characters.

2. The body of the email should consist of exactly three paragraphs:
    a. The first paragraph should express eagerness to understand the project's scope, deliverables, and objectives, highlighting Antematter's expertise in areas relevant to 'LuxeDrive Rentals specializes in providing luxury car rental services, offering an exclusive fleet of high-end vehicles. Isabella Thompson, the Marketing Manager, is spearheading the initiative to establish a strong online presence. The company envisions a complete mobile solution, CarElite, tailored to showcase their premium car collection, facilitate seamless bookings, and enhance the overall customer experience.'.
    b. The second paragraph should inquire about the project's budget, emphasizing Antematter's commitment to providing value-driven solutions tailored to the client's financial considerations.
    c. The third paragraph should invite any additional information or specific concerns about the project, demonstrating Antematter's comprehensive approach to client collaboration and success.

3. The email should conclude with a warm closing, reiterating Antematter's interest in the project and inviting further discussion.

Tone and Style Guidelines:
- The email's tone should be professional yet personable, aiming to build rapport with the recipient.
- Use concise and clear language, avoiding jargon and overly technical terms unless necessary.
- Do not use flowery or flattering language; keep the email straightforward and focused on how Antematter can add value to the project.

Remember, the goal of this email is to make a strong case for why Antematter should be the recipient's choice for a software consultancy provider, leveraging the specific project needs and Antematter's capabilities.
Don't write an introduction that is longer than 30 charcaters
)
",Excited to work with 'CarElite'!,"Dear Ayesha,

We at Antematter are thrilled about 'CarElite' at LuxeDrive! As a leading software consultancy, we are eager to collaborate with you to ensure the project's success.

We understand LuxeDrive specializes in luxury car rental services, with Isabella Thompson leading the initiative to establish a strong online presence. The vision for 'CarElite' is a complete mobile solution tailored to showcase your premium car collection, facilitate seamless bookings, and enhance the overall customer experience. Our team possesses expertise in areas relevant to this project, and we are excited to explore how we can contribute.

Best regards,
Antematter
contact@antematter.io",ask for details,"Dear Ayesha Raza,

First and foremost, thank you for your interest in the 'CarElite' project and for considering Antematter as a potential partner. We are eager to address LuxeDrive Rentals' project needs and support Isabella Thompson's initiative to establish a strong online presence for the company's exclusive fleet of high-end vehicles. As a team specializing in creating tailored mobile solutions, we are confident that we can meet your requirements and enhance the overall customer experience. If you could kindly provide us with more details regarding the budget and scope, we would be happy to provide a customized proposal. Thank you again for considering Antematter, and we look forward to discussing how we can contribute to the success of 'CarElite'.

Best, 
Antematter.io"
